model,roc_auc,pr_auc,accuracy,f1,recall,precision,fpr,threshold,max_fpr_policy,tn,fp,fn,tp,fp_rate,fn_rate,feature_extraction_sec,training_sec,total_sec,metadata_path
rfe_xgb,0.9990746718879987,0.9992818312665915,0.9914942056252075,0.9915196797024006,0.994498110701807,0.988559035690151,0.011509699451392073,0.10388098657131195,0.01,62523,728,348,62903,0.011509699451392073,0.005501889298192914,82.4484898999799,31.374244800012093,152.57433840003796,artifacts/rfe_xgb/metadata.json
en_knn,0.9970925595573431,0.9969564978662608,0.9921028916538869,0.9921037031182073,0.99220565682756,0.99200177035913,0.007999873519786248,0.20476190476190476,0.01,62745,506,493,62758,0.007999873519786248,0.007794343172439961,49.594571299967356,3.2693281999672763,771.5025268000318,artifacts/en_knn/metadata.json
en_bag,0.9942632227863091,0.995609243355916,0.9842215933344928,0.9841300130394682,0.9784509335820778,0.9898754018649734,0.010007746913092284,0.11473241672672028,0.01,62618,633,1363,61888,0.010007746913092284,0.021549066417922248,38.7877742999699,97.64612550003221,146.25789539999096,artifacts/en_bag/metadata.json
